agent,correct,wrong,abstained,total,accuracy,answered,selective_accuracy,abstention_rate,avg_confidence,overconfident_wrong,overconfident_error_rate
literal,113,490,197,800,0.14125,603,0.18739635157545606,0.24625,0.9861307420494702,446,0.9102040816326531
skeptic,102,633,65,800,0.1275,735,0.13877551020408163,0.08125,0.9758219178082189,612,0.966824644549763
creative,90,641,69,800,0.1125,731,0.12311901504787962,0.08625,0.9245639534883712,564,0.8798751950078003
evidence,82,330,388,800,0.1025,412,0.19902912621359223,0.485,0.8790780141843972,98,0.296969696969697
