agent,correct,wrong,abstained,total,accuracy,answered,selective_accuracy,abstention_rate,avg_confidence,overconfident_wrong,overconfident_error_rate
literal,90,659,51,800,0.1125,749,0.12016021361815754,0.06375,0.9906542056074761,649,0.9848254931714719
skeptic,23,155,622,800,0.02875,178,0.12921348314606743,0.7775,0.7044943820224724,31,0.2
creative,91,607,102,800,0.11375,698,0.1303724928366762,0.1275,0.8776504297994252,487,0.8023064250411862
evidence,67,325,408,800,0.08375,392,0.17091836734693877,0.51,0.9346938775510195,284,0.8738461538461538
