disagreement_type,count,total,percentage,majority_correct,majority_accuracy
none,116,800,0.145,40,0.3448275862068966
weak,199,800,0.24875,49,0.24623115577889448
strong,314,800,0.3925,41,0.1305732484076433
complete,171,800,0.21375,12,0.07017543859649122
