agent,correct,wrong,abstained,total,accuracy,answered,selective_accuracy,abstention_rate,avg_confidence,overconfident_wrong,overconfident_error_rate
literal,154,479,167,800,0.1925,633,0.24328593996840442,0.20875,0.8735387045813544,466,0.9728601252609603
skeptic,131,428,241,800,0.16375,559,0.23434704830053668,0.30125,0.8340787119856882,372,0.8691588785046729
creative,157,591,52,800,0.19625,748,0.20989304812834225,0.065,0.8422459893048095,556,0.9407783417935702
evidence,129,358,313,800,0.16125,487,0.2648870636550308,0.39125,0.8740246406570809,328,0.9162011173184358
