disagreement_type,count,total,percentage,majority_correct,majority_accuracy
none,69,800,0.08625,23,0.3333333333333333
weak,243,800,0.30375,39,0.16049382716049382
strong,410,800,0.5125,47,0.11463414634146342
complete,78,800,0.0975,6,0.07692307692307693
