agent,correct,wrong,abstained,total,accuracy,answered,selective_accuracy,abstention_rate,avg_confidence,overconfident_wrong,overconfident_error_rate
literal,10,29,11,50,0.2,39,0.2564102564102564,0.22,0.897435897435897,29,1.0
skeptic,9,30,11,50,0.18,39,0.23076923076923078,0.22,0.8499999999999996,26,0.8666666666666667
creative,8,39,3,50,0.16,47,0.1702127659574468,0.06,0.8287234042553191,33,0.8461538461538461
evidence,9,29,12,50,0.18,38,0.23684210526315788,0.24,0.8684210526315785,27,0.9310344827586207
