disagreement_type,count,total,percentage,majority_correct,majority_accuracy
none,218,800,0.2725,97,0.44495412844036697
weak,222,800,0.2775,60,0.2702702702702703
strong,277,800,0.34625,29,0.10469314079422383
complete,83,800,0.10375,3,0.03614457831325301
