agent,correct,wrong,abstained,total,accuracy,answered,selective_accuracy,abstention_rate,avg_confidence,overconfident_wrong,overconfident_error_rate
literal,0,737,63,800,0.0,737,0.0,0.07875,0.9943012211668922,734,0.9959294436906377
skeptic,0,166,634,800,0.0,166,0.0,0.7925,0.6855421686746993,19,0.1144578313253012
creative,0,717,83,800,0.0,717,0.0,0.10375,0.8705718270571808,561,0.7824267782426778
evidence,0,401,399,800,0.0,401,0.0,0.49875,0.9448877805486274,360,0.8977556109725686
