agent,correct,wrong,abstained,total,accuracy,answered,selective_accuracy,abstention_rate,avg_confidence,overconfident_wrong,overconfident_error_rate
literal,199,601,199,800,0.24875,601,0.33111480865224624,0.24875,0.7622422680412329,569,0.9467554076539102
skeptic,302,498,302,800,0.3775,498,0.606425702811245,0.3775,0.7267879548306144,384,0.7710843373493976
creative,51,749,51,800,0.06375,749,0.06809078771695594,0.06375,0.8251275510204058,707,0.9439252336448598
evidence,329,471,329,800,0.41125,471,0.6985138004246284,0.41125,0.6890292553191474,435,0.9235668789808917
