disagreement_type,count,total,percentage,majority_correct,majority_accuracy
none,186,800,0.2325,28,0.15053763440860216
weak,257,800,0.32125,110,0.4280155642023346
strong,273,800,0.34125,109,0.3992673992673993
complete,84,800,0.105,23,0.27380952380952384
