agent,correct,wrong,total,accuracy,avg_confidence,overconfident_wrong,overconfident_error_rate
literal,43,7,50,0.86,0.992,7,1.0
skeptic,29,21,50,0.58,0.8879999999999996,18,0.8571428571428571
creative,35,15,50,0.7,0.9409999999999998,15,1.0
evidence,44,6,50,0.88,0.9689999999999996,6,1.0
