agent,correct,wrong,abstained,total,accuracy,answered,selective_accuracy,abstention_rate,avg_confidence,overconfident_wrong,overconfident_error_rate
literal,43,7,0,50,0.86,50,0.86,0.0,0.992,7,1.0
skeptic,29,21,0,50,0.58,50,0.58,0.0,0.8879999999999996,18,0.8571428571428571
creative,35,14,1,50,0.7,49,0.7142857142857143,0.02,0.9418367346938774,14,1.0
evidence,44,6,0,50,0.88,50,0.88,0.0,0.9689999999999996,6,1.0
