disagreement_type,count,total,percentage,majority_correct,majority_accuracy
none,247,800,0.30875,240,0.97165991902834
weak,275,800,0.34375,254,0.9236363636363636
strong,225,800,0.28125,175,0.7777777777777778
complete,53,800,0.06625,22,0.41509433962264153
