agent,correct,wrong,abstained,total,accuracy,answered,selective_accuracy,abstention_rate,avg_confidence,overconfident_wrong,overconfident_error_rate
literal,645,130,25,800,0.80625,775,0.832258064516129,0.03125,0.9861290322580635,130,1.0
skeptic,474,297,29,800,0.5925,771,0.6147859922178989,0.03625,0.9070687418936374,256,0.8619528619528619
creative,509,234,57,800,0.63625,743,0.6850605652759085,0.07125,0.910969044414527,234,1.0
evidence,488,53,259,800,0.61,541,0.9020332717190388,0.32375,0.9756931608133064,52,0.9811320754716981
