agent,correct,wrong,abstained,total,accuracy,answered,selective_accuracy,abstention_rate,avg_confidence,overconfident_wrong,overconfident_error_rate
literal,82,318,22,400,0.205,378,0.21693121693121692,0.055,0.9518796992481203,294,0.9245283018867925
skeptic,60,340,164,400,0.15,236,0.2542372881355932,0.41,0.6054999999999974,11,0.03235294117647059
creative,84,316,38,400,0.21,362,0.23204419889502761,0.095,0.9661654135338344,293,0.9272151898734177
evidence,49,351,252,400,0.1225,148,0.3310810810810811,0.63,0.3635000000000002,90,0.2564102564102564
