disagreement_type,count,total,percentage,majority_correct,majority_accuracy
none,29,400,0.0725,8,0.27586206896551724
weak,131,400,0.3275,56,0.42748091603053434
strong,206,400,0.515,122,0.5922330097087378
complete,34,400,0.085,10,0.29411764705882354
