agent,correct,wrong,abstained,total,accuracy,answered,selective_accuracy,abstention_rate,avg_confidence,overconfident_wrong,overconfident_error_rate
literal,17,383,17,400,0.0425,383,0.044386422976501305,0.0425,0.9754999999999998,376,0.9817232375979112
skeptic,325,75,325,400,0.8125,75,4.333333333333333,0.8125,0.5159999999999987,3,0.04
creative,67,333,67,400,0.1675,333,0.2012012012012012,0.1675,0.856249999999999,280,0.8408408408408409
evidence,209,191,209,400,0.5225,191,1.094240837696335,0.5225,0.516,144,0.7539267015706806
