agent,correct,wrong,abstained,total,accuracy,answered,selective_accuracy,abstention_rate,avg_confidence,overconfident_wrong,overconfident_error_rate
literal,160,240,160,400,0.4,240,0.6666666666666666,0.4,0.6801020408163282,238,0.9916666666666667
skeptic,120,280,120,400,0.3,280,0.42857142857142855,0.3,0.7571250000000009,214,0.7642857142857142
creative,18,382,18,400,0.045,382,0.04712041884816754,0.045,0.8156250000000032,360,0.9424083769633508
evidence,158,242,158,400,0.395,242,0.6528925619834711,0.395,0.712500000000002,222,0.9173553719008265
