agent,correct,wrong,abstained,total,accuracy,answered,selective_accuracy,abstention_rate,avg_confidence,overconfident_wrong,overconfident_error_rate
literal,170,230,170,400,0.425,230,0.7391304347826086,0.425,0.7099999999999999,215,0.9347826086956522
skeptic,45,355,45,400,0.1125,355,0.1267605633802817,0.1125,0.9053984575835474,346,0.9746478873239437
creative,43,357,43,400,0.1075,357,0.12044817927170869,0.1075,0.8545205479452033,293,0.8207282913165266
evidence,298,102,298,400,0.745,102,2.9215686274509802,0.745,0.2210526315789474,31,0.30392156862745096
