agent,correct,wrong,abstained,total,accuracy,answered,selective_accuracy,abstention_rate,avg_confidence,overconfident_wrong,overconfident_error_rate
literal,99,301,64,400,0.2475,336,0.29464285714285715,0.16,0.8436329588014979,162,0.5382059800664452
skeptic,106,294,16,400,0.265,384,0.2760416666666667,0.04,0.9735099337748343,210,0.7142857142857143
creative,99,301,21,400,0.2475,379,0.2612137203166227,0.0525,0.9587412587412575,197,0.654485049833887
evidence,93,307,102,400,0.2325,298,0.31208053691275167,0.255,0.7763157894736842,18,0.05863192182410423
