disagreement_type,count,total,percentage,majority_correct,majority_accuracy
none,97,400,0.2425,56,0.5773195876288659
weak,109,400,0.2725,39,0.3577981651376147
strong,133,400,0.3325,32,0.24060150375939848
complete,61,400,0.1525,8,0.13114754098360656
