disagreement_type,count,total,percentage,majority_correct,majority_accuracy
none,55,400,0.1375,29,0.5272727272727272
weak,110,400,0.275,24,0.21818181818181817
strong,198,400,0.495,30,0.15151515151515152
complete,37,400,0.0925,6,0.16216216216216217
