disagreement_type,count,total,percentage,majority_correct,majority_accuracy
none,70,400,0.175,16,0.22857142857142856
weak,122,400,0.305,53,0.4344262295081967
strong,158,400,0.395,54,0.34177215189873417
complete,50,400,0.125,14,0.28
