agent,correct,wrong,abstained,total,accuracy,answered,selective_accuracy,abstention_rate,avg_confidence,overconfident_wrong,overconfident_error_rate
literal,20,30,3,50,0.4,47,0.425531914893617,0.06,0.8645833333333327,27,0.9
skeptic,17,33,2,50,0.34,48,0.3541666666666667,0.04,0.8208333333333329,26,0.7878787878787878
creative,14,36,2,50,0.28,48,0.2916666666666667,0.04,0.8259999999999995,35,0.9722222222222222
evidence,14,36,7,50,0.28,43,0.32558139534883723,0.14,0.8534090909090906,27,0.75
