agent,correct,wrong,abstained,total,accuracy,answered,selective_accuracy,abstention_rate,avg_confidence,overconfident_wrong,overconfident_error_rate
literal,8,42,8,50,0.16,42,0.19047619047619047,0.16,0.8020408163265301,41,0.9761904761904762
skeptic,13,37,13,50,0.26,37,0.35135135135135137,0.26,0.7699999999999999,32,0.8648648648648649
creative,0,50,0,50,0.0,50,0.0,0.0,0.8239999999999997,47,0.94
evidence,19,31,19,50,0.38,31,0.6129032258064516,0.38,0.6749999999999998,26,0.8387096774193549
