agent,correct,wrong,abstained,total,accuracy,answered,selective_accuracy,abstention_rate,avg_confidence,overconfident_wrong,overconfident_error_rate
literal,119,281,23,400,0.2975,377,0.3156498673740053,0.0575,0.8736292428198432,257,0.9145907473309609
skeptic,106,294,11,400,0.265,389,0.27249357326478146,0.0275,0.8274234693877575,251,0.8537414965986394
creative,117,283,6,400,0.2925,394,0.2969543147208122,0.015,0.8412658227848124,272,0.9611307420494699
evidence,112,288,84,400,0.28,316,0.35443037974683544,0.21,0.8454277286135715,195,0.6770833333333334
