agent,correct,wrong,abstained,total,accuracy,answered,selective_accuracy,abstention_rate,avg_confidence,overconfident_wrong,overconfident_error_rate
literal,37,13,0,50,0.74,50,0.74,0.0,0.8049999999999996,10,0.7692307692307693
skeptic,31,19,0,50,0.62,50,0.62,0.0,0.6540000000000004,7,0.3684210526315789
creative,32,17,1,50,0.64,49,0.6530612244897959,0.02,0.8193877551020411,14,0.8235294117647058
evidence,38,11,1,50,0.76,49,0.7755102040816326,0.02,0.7224489795918365,8,0.7272727272727273
