agent,correct,wrong,total,accuracy,avg_confidence,overconfident_wrong,overconfident_error_rate
literal,37,13,50,0.74,0.8049999999999996,10,0.7692307692307693
skeptic,31,19,50,0.62,0.6540000000000004,7,0.3684210526315789
creative,32,18,50,0.64,0.8193877551020411,14,0.7777777777777778
evidence,38,12,50,0.76,0.7224489795918365,8,0.6666666666666666
