agent,correct,wrong,abstained,total,accuracy,answered,selective_accuracy,abstention_rate,avg_confidence,overconfident_wrong,overconfident_error_rate
literal,575,218,7,800,0.71875,793,0.725094577553594,0.00875,0.8150693568726322,170,0.7798165137614679
skeptic,562,237,1,800,0.7025,799,0.7033792240300375,0.00125,0.6953692115143947,97,0.4092827004219409
creative,549,249,2,800,0.68625,798,0.6879699248120301,0.0025,0.8042857142857144,189,0.7590361445783133
evidence,534,235,31,800,0.6675,769,0.694408322496749,0.03875,0.6950585175552658,113,0.4808510638297872
